{"cameraMode":{"drawMode":0,"name":"Shaded","section":"Shading Mode"},"sceneLighting":true,"audioPlay":false,"sceneViewState":{"m_AlwaysRefresh":false,"showFog":false,"showSkybox":true,"showFlares":false,"showImageEffects":false,"showParticleSystems":true,"showVisualEffectGraphs":true,"m_FxEnabled":true},"in2DMode":false,"pivot":{"x":10.775039672851563,"y":6.693016052246094,"z":28.756629943847658},"rotation":{"x":-0.23673656582832337,"y":-0.17439578473567964,"z":0.043179482221603397,"w":-0.9548956751823425},"size":15.172926902770996,"orthographic":false}