{"cameraMode":{"drawMode":0,"name":"Shaded","section":"Shading Mode"},"sceneLighting":true,"audioPlay":false,"sceneViewState":{"m_AlwaysRefresh":false,"showFog":false,"showSkybox":true,"showFlares":false,"showImageEffects":false,"showParticleSystems":true,"showVisualEffectGraphs":true,"m_FxEnabled":true},"in2DMode":false,"pivot":{"x":29.122573852539064,"y":7.3712921142578129,"z":24.492441177368165},"rotation":{"x":-0.13067717850208283,"y":0.6931338906288147,"z":-0.13004381954669953,"w":-0.6969108581542969},"size":15.920119285583496,"orthographic":false}