{"cameraMode":{"drawMode":0,"name":"Shaded","section":"Shading Mode"},"sceneLighting":true,"audioPlay":false,"sceneViewState":{"m_AlwaysRefresh":false,"showFog":true,"showSkybox":true,"showFlares":true,"showImageEffects":true,"showParticleSystems":true,"showVisualEffectGraphs":true,"m_FxEnabled":true},"in2DMode":false,"pivot":{"x":29.171934127807618,"y":-37.787757873535159,"z":218.0386199951172},"rotation":{"x":0.09571001678705216,"y":0.05462026223540306,"z":-0.005250623915344477,"w":0.9939054846763611},"size":112.14627075195313,"orthographic":false}