{"cameraMode":{"drawMode":0,"name":"Shaded","section":"Shading Mode"},"sceneLighting":true,"audioPlay":false,"sceneViewState":{"m_AlwaysRefresh":false,"showFog":false,"showSkybox":true,"showFlares":false,"showImageEffects":false,"showParticleSystems":true,"showVisualEffectGraphs":true,"m_FxEnabled":true},"in2DMode":false,"pivot":{"x":28.548139572143556,"y":20.335704803466798,"z":26.788555145263673},"rotation":{"x":0.010219977237284184,"y":0.6901159882545471,"z":0.009701959788799286,"w":-0.723635733127594},"size":15.920119285583496,"orthographic":false}