{"cameraMode":{"drawMode":0,"name":"Shaded","section":"Shading Mode"},"sceneLighting":true,"audioPlay":false,"sceneViewState":{"m_AlwaysRefresh":false,"showFog":false,"showSkybox":true,"showFlares":false,"showImageEffects":false,"showParticleSystems":true,"showVisualEffectGraphs":true,"m_FxEnabled":true},"in2DMode":false,"pivot":{"x":29.016435623168947,"y":18.425386428833009,"z":19.65747833251953},"rotation":{"x":-0.010190160945057869,"y":0.7669699192047119,"z":-0.012216753326356411,"w":-0.6415689587593079},"size":15.920119285583496,"orthographic":false}